,mean_fit_time,std_fit_time,mean_score_time,std_score_time,param_colsample_bytree,param_learning_rate,param_max_depth,param_n_estimators,param_num_class,param_objective,params,split0_test_score,split1_test_score,split2_test_score,split3_test_score,split4_test_score,mean_test_score,std_test_score,rank_test_score
0,5.193039464950561,0.17384754267684274,0.04931564331054687,0.00570667684051369,0.5,0.01,3,100,3,multi:softprob,"{'colsample_bytree': 0.5, 'learning_rate': 0.01, 'max_depth': 3, 'n_estimators': 100, 'num_class': 3, 'objective': 'multi:softprob'}",0.6891282490548204,0.6952887366099558,0.6987588177378701,0.6907735782923755,0.7046934073724008,0.6957285578134845,0.005618902798211061,133
1,14.464625692367553,1.0449992981390819,0.08077740669250488,0.0027063721117425482,0.5,0.01,3,500,3,multi:softprob,"{'colsample_bytree': 0.5, 'learning_rate': 0.01, 'max_depth': 3, 'n_estimators': 500, 'num_class': 3, 'objective': 'multi:softprob'}",0.7483933246691872,0.7563907490548205,0.7586125393824826,0.7487861413043477,0.7647537492123503,0.7553873007246377,0.006190806683796155,125
2,24.569586086273194,0.9241269626595281,0.11535272598266602,0.0038779412785419137,0.5,0.01,3,1000,3,multi:softprob,"{'colsample_bytree': 0.5, 'learning_rate': 0.01, 'max_depth': 3, 'n_estimators': 1000, 'num_class': 3, 'objective': 'multi:softprob'}",0.7889629686515437,0.7952620195337113,0.7989127284183996,0.7921274535286704,0.8053153197857593,0.7961160979836169,0.005661321707546736,115
3,4.463647890090942,0.5384414111554979,0.06270327568054199,0.012726341033508757,0.5,0.01,5,100,3,multi:softprob,"{'colsample_bytree': 0.5, 'learning_rate': 0.01, 'max_depth': 5, 'n_estimators': 100, 'num_class': 3, 'objective': 'multi:softprob'}",0.750872774889729,0.7556773078134844,0.7603969636105861,0.7506938405797102,0.7633886735979836,0.7562059120982987,0.0050648135788277536,124
4,21.62883415222168,1.9169729634967858,0.10720601081848144,0.0022144188745010247,0.5,0.01,5,500,3,multi:softprob,"{'colsample_bytree': 0.5, 'learning_rate': 0.01, 'max_depth': 5, 'n_estimators': 500, 'num_class': 3, 'objective': 'multi:softprob'}",0.8149039303717706,0.8226013902016384,0.8260715776622559,0.8187368029300567,0.8303699944864524,0.8225367391304348,0.005414026918162111,107
5,43.96202387809753,0.8488646785555772,0.18191165924072267,0.004498981530859283,0.5,0.01,5,1000,3,multi:softprob,"{'colsample_bytree': 0.5, 'learning_rate': 0.01, 'max_depth': 5, 'n_estimators': 1000, 'num_class': 3, 'objective': 'multi:softprob'}",0.8495194470699433,0.8563745786074354,0.8566030088216761,0.853018304977946,0.8618851528040329,0.8554800984562068,0.004115228686393953,90
6,5.202383232116699,0.4276863507413216,0.054066705703735354,0.0014120361423516957,0.5,0.01,6,100,3,multi:softprob,"{'colsample_bytree': 0.5, 'learning_rate': 0.01, 'max_depth': 6, 'n_estimators': 100, 'num_class': 3, 'objective': 'multi:softprob'}",0.7790968848456207,0.7805814666036547,0.7889282333018274,0.7791705576559546,0.7924169856647763,0.7840388256143667,0.005552945455704137,121
7,26.39569501876831,2.2510693394777057,0.12980108261108397,0.007714789111233064,0.5,0.01,6,500,3,multi:softprob,"{'colsample_bytree': 0.5, 'learning_rate': 0.01, 'max_depth': 6, 'n_estimators': 500, 'num_class': 3, 'objective': 'multi:softprob'}",0.8373411389413988,0.841858345148078,0.847681706836799,0.8405401149968496,0.8513337389729049,0.8437510089792062,0.005058193951405931,96
8,52.33068633079529,3.89860823733364,0.23493828773498535,0.019189276982892373,0.5,0.01,6,1000,3,multi:softprob,"{'colsample_bytree': 0.5, 'learning_rate': 0.01, 'max_depth': 6, 'n_estimators': 1000, 'num_class': 3, 'objective': 'multi:softprob'}",0.8674024968494013,0.8696245628544425,0.8734946636735978,0.8688438523944549,0.8777949275362319,0.8714321006616258,0.003766793355494012,79
9,8.342368268966675,0.44221629639191185,0.0648651123046875,0.0023686110090733563,0.5,0.01,8,100,3,multi:softprob,"{'colsample_bytree': 0.5, 'learning_rate': 0.01, 'max_depth': 8, 'n_estimators': 100, 'num_class': 3, 'objective': 'multi:softprob'}",0.8195956088531821,0.8231421510712035,0.8310484089477,0.8218282293635791,0.8360661310649024,0.8263361058601134,0.00621024618637883,105
10,40.36080079078674,2.5307283885889906,0.19854516983032228,0.029768181615488946,0.5,0.01,8,500,3,multi:softprob,"{'colsample_bytree': 0.5, 'learning_rate': 0.01, 'max_depth': 8, 'n_estimators': 500, 'num_class': 3, 'objective': 'multi:softprob'}",0.8712106253938248,0.8735750827032135,0.8788842745746693,0.873270400126024,0.8827317344045369,0.8759344234404537,0.004239878181647216,70
11,73.79704260826111,5.064014567218482,0.40297894477844237,0.05219918185349882,0.5,0.01,8,1000,3,multi:softprob,"{'colsample_bytree': 0.5, 'learning_rate': 0.01, 'max_depth': 8, 'n_estimators': 1000, 'num_class': 3, 'objective': 'multi:softprob'}",0.8948882876496533,0.893684979521109,0.9004153788594832,0.8958330064587271,0.9027001378386895,0.8975043580655324,0.0034552876173763723,52
12,11.438887691497802,0.1384961903699145,0.07676434516906738,0.001322804212848455,0.5,0.01,10,100,3,multi:softprob,"{'colsample_bytree': 0.5, 'learning_rate': 0.01, 'max_depth': 10, 'n_estimators': 100, 'num_class': 3, 'objective': 'multi:softprob'}",0.8509854836168872,0.8538145439508508,0.8619914461247636,0.8533242202268431,0.8637687381852551,0.85677688642092,0.005105180647061232,88
13,55.981852769851685,1.3844555994092522,0.3034523010253906,0.026841235055013526,0.5,0.01,10,500,3,multi:softprob,"{'colsample_bytree': 0.5, 'learning_rate': 0.01, 'max_depth': 10, 'n_estimators': 500, 'num_class': 3, 'objective': 'multi:softprob'}",0.8911378701953371,0.894717218021424,0.8997455497794581,0.893499334436043,0.900535290642722,0.8959270526149968,0.0036362222666987006,54
14,99.0502094745636,8.125532810390462,0.6087228775024414,0.12965832380360606,0.5,0.01,10,1000,3,multi:softprob,"{'colsample_bytree': 0.5, 'learning_rate': 0.01, 'max_depth': 10, 'n_estimators': 1000, 'num_class': 3, 'objective': 'multi:softprob'}",0.9085631931316951,0.9095984128859484,0.9143031269691241,0.9098180056710775,0.9144567304662886,0.9113478938248267,0.0025121332555920702,35
15,2.6471750259399416,0.051873218287432965,0.04432611465454102,0.0013415520230782543,0.5,0.05,3,100,3,multi:softprob,"{'colsample_bytree': 0.5, 'learning_rate': 0.05, 'max_depth': 3, 'n_estimators': 100, 'num_class': 3, 'objective': 'multi:softprob'}",0.7487236058601136,0.7564399456521739,0.759409404536862,0.7473389098928797,0.7639830222117201,0.7551789776307498,0.006326709096746023,126
16,12.078514099121094,0.2482854941047182,0.0735243320465088,0.0009629096206308111,0.5,0.05,3,500,3,multi:softprob,"{'colsample_bytree': 0.5, 'learning_rate': 0.05, 'max_depth': 3, 'n_estimators': 500, 'num_class': 3, 'objective': 'multi:softprob'}",0.8341909932262129,0.8403204867674859,0.8443927890674229,0.8402906821045999,0.8489763468809074,0.8416342596093258,0.004908139042770681,99
17,23.980449676513672,0.6466559517898952,0.10940327644348144,0.0041135103174948845,0.5,0.05,3,1000,3,multi:softprob,"{'colsample_bytree': 0.5, 'learning_rate': 0.05, 'max_depth': 3, 'n_estimators': 1000, 'num_class': 3, 'objective': 'multi:softprob'}",0.8661010515122873,0.869123688563327,0.8752246101134217,0.8705150874291115,0.8790066517013232,0.8719942178638942,0.0045774848414025975,75
18,4.510126304626465,0.11932500299544413,0.05044331550598145,0.001506468650751647,0.5,0.05,5,100,3,multi:softprob,"{'colsample_bytree': 0.5, 'learning_rate': 0.05, 'max_depth': 5, 'n_estimators': 100, 'num_class': 3, 'objective': 'multi:softprob'}",0.8169348456206679,0.8234146424070573,0.8269381301197227,0.8193297337744171,0.829735672652804,0.8232706049149338,0.00471043310032494,106
19,21.059313774108887,0.3666094140351954,0.10654273033142089,0.001755360836322308,0.5,0.05,5,500,3,multi:softprob,"{'colsample_bytree': 0.5, 'learning_rate': 0.05, 'max_depth': 5, 'n_estimators': 500, 'num_class': 3, 'objective': 'multi:softprob'}",0.8869423322306238,0.8873562027410209,0.8933846053875235,0.8877907293635792,0.8943079749527412,0.8899563689350977,0.0032007672940404367,63
20,41.39587717056274,0.4406538889759925,0.1744843006134033,0.007035134388331065,0.5,0.05,5,1000,3,multi:softprob,"{'colsample_bytree': 0.5, 'learning_rate': 0.05, 'max_depth': 5, 'n_estimators': 1000, 'num_class': 3, 'objective': 'multi:softprob'}",0.9042558325456836,0.9054625945179584,0.9105030797101449,0.9052158514492753,0.9112206758034027,0.9073316068052929,0.002919353113656121,40
21,4.642658233642578,0.2773782406736253,0.05324664115905762,0.001118510668027601,0.5,0.05,6,100,3,multi:softprob,"{'colsample_bytree': 0.5, 'learning_rate': 0.05, 'max_depth': 6, 'n_estimators': 100, 'num_class': 3, 'objective': 'multi:softprob'}",0.838298290800252,0.8427313011972274,0.8479469124133585,0.8402181789540012,0.8526163516068053,0.8443622069943288,0.005245663312713138,95
22,24.46555914878845,1.9950786723226681,0.1235663890838623,0.001206053856247184,0.5,0.05,6,500,3,multi:softprob,"{'colsample_bytree': 0.5, 'learning_rate': 0.05, 'max_depth': 6, 'n_estimators': 500, 'num_class': 3, 'objective': 'multi:softprob'}",0.898000074826717,0.8989800212665408,0.9055617084120983,0.8994032805608067,0.9063537216446124,0.9016597613421551,0.003547519472488095,47
23,47.816671991348265,4.0641535808538185,0.22416882514953612,0.01340948010396831,0.5,0.05,6,1000,3,multi:softprob,"{'colsample_bytree': 0.5, 'learning_rate': 0.05, 'max_depth': 6, 'n_estimators': 1000, 'num_class': 3, 'objective': 'multi:softprob'}",0.9122855899495906,0.9136617084120983,0.9182499606175173,0.9133232474795211,0.918307459042218,0.9151655931001891,0.002582052256177483,29
24,8.235391092300414,0.14394789133193372,0.06209096908569336,0.0013614667250209658,0.5,0.05,8,100,3,multi:softprob,"{'colsample_bytree': 0.5, 'learning_rate': 0.05, 'max_depth': 8, 'n_estimators': 100, 'num_class': 3, 'objective': 'multi:softprob'}",0.8694414973219912,0.8748787767800882,0.8781718848456207,0.8728958609010712,0.8817303126969124,0.8754236665091367,0.004237913268470601,71
25,36.56402697563171,0.47523650983014204,0.1755222797393799,0.009779285693082415,0.5,0.05,8,500,3,multi:softprob,"{'colsample_bytree': 0.5, 'learning_rate': 0.05, 'max_depth': 8, 'n_estimators': 500, 'num_class': 3, 'objective': 'multi:softprob'}",0.9124931632010083,0.9145766816320101,0.9189478772841838,0.9133621298046629,0.9196543675173284,0.9158068438878386,0.002937343517358958,26
26,65.35507459640503,5.246996440188441,0.34607205390930174,0.03994174229527448,0.5,0.05,8,1000,3,multi:softprob,"{'colsample_bytree': 0.5, 'learning_rate': 0.05, 'max_depth': 8, 'n_estimators': 1000, 'num_class': 3, 'objective': 'multi:softprob'}",0.9214194982671708,0.9225931710775047,0.9275396778512918,0.9234069549464398,0.9277440217391305,0.9245406647763075,0.0026105664258227494,9
27,11.199121999740601,0.2980122787202719,0.07555499076843261,0.0022721223070538686,0.5,0.05,10,100,3,multi:softprob,"{'colsample_bytree': 0.5, 'learning_rate': 0.05, 'max_depth': 10, 'n_estimators': 100, 'num_class': 3, 'objective': 'multi:softprob'}",0.8901492438563329,0.8932364406112162,0.8993187106175173,0.8920710459987399,0.8994549031190925,0.8948460688405797,0.0038366052080907194,58
28,47.988106870651244,1.2602260778551488,0.263433837890625,0.013441513983105106,0.5,0.05,10,500,3,multi:softprob,"{'colsample_bytree': 0.5, 'learning_rate': 0.05, 'max_depth': 10, 'n_estimators': 500, 'num_class': 3, 'objective': 'multi:softprob'}",0.9193687224322621,0.9209815138626339,0.925343367989918,0.9213576086956522,0.925438575141777,0.9224979576244486,0.0024550234940346888,14
29,84.4714252948761,9.330231778385153,0.4532555103302002,0.045888862090130364,0.5,0.05,10,1000,3,multi:softprob,"{'colsample_bytree': 0.5, 'learning_rate': 0.05, 'max_depth': 10, 'n_estimators': 1000, 'num_class': 3, 'objective': 'multi:softprob'}",0.9255532529930687,0.9270849322621298,0.9306344360428481,0.9267856490233144,0.93060625,0.9281329040642723,0.002094900620566629,3
30,2.480866527557373,0.051331411234584776,0.04434323310852051,0.0016111431664211687,0.5,0.1,3,100,3,multi:softprob,"{'colsample_bytree': 0.5, 'learning_rate': 0.1, 'max_depth': 3, 'n_estimators': 100, 'num_class': 3, 'objective': 'multi:softprob'}",0.7893865548204159,0.7983260948330182,0.7996263508191556,0.7918053284499056,0.8076374448645242,0.7973563547574039,0.006420680584291658,114
31,12.127556562423706,0.2793195324119245,0.07486639022827149,0.0019916152098773923,0.5,0.1,3,500,3,multi:softprob,"{'colsample_bytree': 0.5, 'learning_rate': 0.1, 'max_depth': 3, 'n_estimators': 500, 'num_class': 3, 'objective': 'multi:softprob'}",0.8664291075929427,0.8700362594517959,0.8755914933837429,0.8712280245746692,0.8784634215500945,0.8723496613106491,0.0042320300780560515,73
32,23.868243169784545,0.45044173052835546,0.11377339363098145,0.004558580351641764,0.5,0.1,3,1000,3,multi:softprob,"{'colsample_bytree': 0.5, 'learning_rate': 0.1, 'max_depth': 3, 'n_estimators': 1000, 'num_class': 3, 'objective': 'multi:softprob'}",0.8915336641461877,0.8945725189035917,0.8983127244801512,0.8943944588846882,0.8996824905482042,0.8956991713925646,0.0029332767484864003,55
33,4.487442064285278,0.08438697600527491,0.049964618682861325,0.0008535454579289244,0.5,0.1,5,100,3,multi:softprob,"{'colsample_bytree': 0.5, 'learning_rate': 0.1, 'max_depth': 5, 'n_estimators': 100, 'num_class': 3, 'objective': 'multi:softprob'}",0.8508275637996219,0.8565704631379963,0.8552282648078134,0.8539183167926906,0.8619382167611848,0.8556965650598614,0.003655422249469382,89
34,20.697081804275513,0.24289016786574527,0.10405259132385254,0.0019860387128582697,0.5,0.1,5,500,3,multi:softprob,"{'colsample_bytree': 0.5, 'learning_rate': 0.1, 'max_depth': 5, 'n_estimators': 500, 'num_class': 3, 'objective': 'multi:softprob'}",0.9041156466603654,0.905835365469439,0.9094712232199118,0.9058150795526151,0.9104937657529931,0.9071462161310648,0.0024201798197145746,41
35,39.019773960113525,2.9556964934812098,0.17781715393066405,0.008375293128706144,0.5,0.1,5,1000,3,multi:softprob,"{'colsample_bytree': 0.5, 'learning_rate': 0.1, 'max_depth': 5, 'n_estimators': 1000, 'num_class': 3, 'objective': 'multi:softprob'}",0.9166263941398866,0.9178427457466919,0.9214361570573409,0.9180959396660365,0.922030233931947,0.9192062941083806,0.0021304910170194744,22
36,4.946737813949585,0.6948331394676459,0.052788496017456055,0.0013289655455280547,0.5,0.1,6,100,3,multi:softprob,"{'colsample_bytree': 0.5, 'learning_rate': 0.1, 'max_depth': 6, 'n_estimators': 100, 'num_class': 3, 'objective': 'multi:softprob'}",0.8683116414618777,0.872044561279143,0.8754410956206679,0.8713434467548833,0.878798334120983,0.8731878158475108,0.0036066879551777662,72
37,23.65561513900757,2.5805972528824594,0.12268714904785157,0.002495159478044078,0.5,0.1,6,500,3,multi:softprob,"{'colsample_bytree': 0.5, 'learning_rate': 0.1, 'max_depth': 6, 'n_estimators': 500, 'num_class': 3, 'objective': 'multi:softprob'}",0.9129992753623188,0.9135460263074985,0.9172724558916193,0.9136055844360428,0.9184836956521739,0.9151814075299306,0.0022448599535859737,28
38,47.397115516662595,3.821371740736556,0.22136878967285156,0.006580736311502629,0.5,0.1,6,1000,3,multi:softprob,"{'colsample_bytree': 0.5, 'learning_rate': 0.1, 'max_depth': 6, 'n_estimators': 1000, 'num_class': 3, 'objective': 'multi:softprob'}",0.9209627087271581,0.9223132522054192,0.926837145557656,0.922223688563327,0.926581072778828,0.9237835735664778,0.0024373210013437867,11
39,7.236467552185059,0.8346733709482312,0.06309752464294434,0.006680750095346179,0.5,0.1,8,100,3,multi:softprob,"{'colsample_bytree': 0.5, 'learning_rate': 0.1, 'max_depth': 8, 'n_estimators': 100, 'num_class': 3, 'objective': 'multi:softprob'}",0.8933255040957783,0.8948859247006932,0.8998778119092629,0.8948436948645243,0.901218986294896,0.896830384373031,0.003116366018156908,53
40,33.48197503089905,2.6485233308339025,0.1692744731903076,0.00909108247357074,0.5,0.1,8,500,3,multi:softprob,"{'colsample_bytree': 0.5, 'learning_rate': 0.1, 'max_depth': 8, 'n_estimators': 500, 'num_class': 3, 'objective': 'multi:softprob'}",0.921882529930687,0.9220750827032136,0.9265951795841209,0.9225121455576559,0.9273058601134215,0.9240741595778198,0.0023680737692877755,10
41,61.5400906085968,6.199461209583485,0.3243106842041016,0.029328730424411496,0.5,0.1,8,1000,3,multi:softprob,"{'colsample_bytree': 0.5, 'learning_rate': 0.1, 'max_depth': 8, 'n_estimators': 1000, 'num_class': 3, 'objective': 'multi:softprob'}",0.9272151425645873,0.9280864209199748,0.9319716603654694,0.9278054977945809,0.9318328449905482,0.929382313327032,0.0020771199766504997,2
42,10.49304404258728,0.13096268313455403,0.07240166664123535,0.0008046796599120555,0.5,0.1,10,100,3,multi:softprob,"{'colsample_bytree': 0.5, 'learning_rate': 0.1, 'max_depth': 10, 'n_estimators': 100, 'num_class': 3, 'objective': 'multi:softprob'}",0.9064479442344046,0.9074479678638941,0.9123673046628858,0.9086832742596093,0.9140008034026467,0.9097894588846881,0.002906979748412111,37
43,45.37242474555969,1.3392206151121482,0.23275365829467773,0.01655735467325846,0.5,0.1,10,500,3,multi:softprob,"{'colsample_bytree': 0.5, 'learning_rate': 0.1, 'max_depth': 10, 'n_estimators': 500, 'num_class': 3, 'objective': 'multi:softprob'}",0.9250618620037807,0.9264725228418399,0.9296673755513547,0.9262382482671709,0.9303660483616887,0.927561211405167,0.0020729331608125715,5
44,80.09185371398925,8.578350655999328,0.4228384017944336,0.03251141745390297,0.5,0.1,10,1000,3,multi:softprob,"{'colsample_bytree': 0.5, 'learning_rate': 0.1, 'max_depth': 10, 'n_estimators': 1000, 'num_class': 3, 'objective': 'multi:softprob'}",0.9288519218651544,0.9299154379332073,0.9328814469124133,0.9297634688090737,0.9334518706679269,0.9309728292375551,0.0018367005711912591,1
45,2.7138885021209718,0.06611638354356994,0.04344930648803711,0.002497130619475116,0.7,0.01,3,100,3,multi:softprob,"{'colsample_bytree': 0.7, 'learning_rate': 0.01, 'max_depth': 3, 'n_estimators': 100, 'num_class': 3, 'objective': 'multi:softprob'}",0.6846196282293636,0.6913183443604284,0.6936810018903592,0.6860228063957151,0.6998119880277253,0.6910907537807183,0.005484171152165005,134
46,13.423460149765015,0.23771870878859186,0.077903413772583,0.0033855050400406457,0.7,0.01,3,500,3,multi:softprob,"{'colsample_bytree': 0.7, 'learning_rate': 0.01, 'max_depth': 3, 'n_estimators': 500, 'num_class': 3, 'objective': 'multi:softprob'}",0.7483982514177693,0.7536606687145557,0.7591873267170762,0.7487129253308128,0.7636014886578449,0.7547121321676118,0.005933113402810478,127
47,26.092675733566285,0.5270591069678667,0.11738014221191406,0.0022723609009470363,0.7,0.01,3,1000,3,multi:softprob,"{'colsample_bytree': 0.7, 'learning_rate': 0.01, 'max_depth': 3, 'n_estimators': 1000, 'num_class': 3, 'objective': 'multi:softprob'}",0.7869734601449275,0.7929889453371141,0.7993190256773787,0.7904732435412729,0.8041286822621299,0.7947766713925646,0.006175737223183884,118
48,5.069481420516968,0.1147163945680017,0.04949140548706055,0.0008917278901895413,0.7,0.01,5,100,3,multi:softprob,"{'colsample_bytree': 0.7, 'learning_rate': 0.01, 'max_depth': 5, 'n_estimators': 100, 'num_class': 3, 'objective': 'multi:softprob'}",0.7398816162570888,0.743854347826087,0.7473406584751103,0.7399936160995589,0.750779083963453,0.7443698645242597,0.004230021058261956,131
49,24.35669627189636,0.313014528491158,0.10641021728515625,0.004193115713728193,0.7,0.01,5,500,3,multi:softprob,"{'colsample_bytree': 0.7, 'learning_rate': 0.01, 'max_depth': 5, 'n_estimators': 500, 'num_class': 3, 'objective': 'multi:softprob'}",0.8133196085381224,0.8183780324511657,0.8216154339949591,0.8149914382482671,0.8276224519533711,0.8191853930371771,0.0050938703927061926,109
50,43.2884304523468,4.370938617948544,0.18848958015441894,0.005203697183023568,0.7,0.01,5,1000,3,multi:softprob,"{'colsample_bytree': 0.7, 'learning_rate': 0.01, 'max_depth': 5, 'n_estimators': 1000, 'num_class': 3, 'objective': 'multi:softprob'}",0.848863220699433,0.8552605151228733,0.8568505986137366,0.8510318683049779,0.8593550882167612,0.8542722581915564,0.0038266817314301068,92
51,6.758244609832763,0.19471841894257644,0.05361676216125488,0.0013084821114235257,0.7,0.01,6,100,3,multi:softprob,"{'colsample_bytree': 0.7, 'learning_rate': 0.01, 'max_depth': 6, 'n_estimators': 100, 'num_class': 3, 'objective': 'multi:softprob'}",0.7652100976685571,0.7688967548834279,0.7748532608695653,0.7656886893509767,0.7782229875551354,0.7705743580655324,0.005143344108790293,122
52,31.588988733291625,0.7073217053589205,0.13127474784851073,0.003352976932032055,0.7,0.01,6,500,3,multi:softprob,"{'colsample_bytree': 0.7, 'learning_rate': 0.01, 'max_depth': 6, 'n_estimators': 500, 'num_class': 3, 'objective': 'multi:softprob'}",0.8338746140516698,0.839167615784499,0.8434807459042218,0.8373079985822306,0.8481556277567738,0.840397320415879,0.0049658962277504895,102
53,54.357710409164426,5.6762923254439315,0.23479762077331542,0.010774263439656583,0.7,0.01,6,1000,3,multi:softprob,"{'colsample_bytree': 0.7, 'learning_rate': 0.01, 'max_depth': 6, 'n_estimators': 1000, 'num_class': 3, 'objective': 'multi:softprob'}",0.8656429190296157,0.8690183049779457,0.8715763153749213,0.8693798913043479,0.8749605190611215,0.8701155899495905,0.0030775681577494335,83
54,9.735898876190186,0.35196450944535645,0.06742091178894043,0.0034090818769973025,0.7,0.01,8,100,3,multi:softprob,"{'colsample_bytree': 0.7, 'learning_rate': 0.01, 'max_depth': 8, 'n_estimators': 100, 'num_class': 3, 'objective': 'multi:softprob'}",0.8051529300567107,0.8096884530560806,0.8161991138941399,0.8103911901386264,0.8222979914933838,0.8127459357277884,0.005928118942735541,113
55,46.36181950569153,1.6379904542496362,0.21250038146972655,0.018323755755976296,0.7,0.01,8,500,3,multi:softprob,"{'colsample_bytree': 0.7, 'learning_rate': 0.01, 'max_depth': 8, 'n_estimators': 500, 'num_class': 3, 'objective': 'multi:softprob'}",0.8666863618462507,0.8702715816005041,0.8741974322621299,0.8685005986137367,0.8772180017328292,0.8713747952110902,0.0038358789382605773,80
56,77.95657272338867,8.920861414781879,0.3584896087646484,0.026511225733119658,0.7,0.01,8,1000,3,multi:softprob,"{'colsample_bytree': 0.7, 'learning_rate': 0.01, 'max_depth': 8, 'n_estimators': 1000, 'num_class': 3, 'objective': 'multi:softprob'}",0.8906926118462507,0.8921618068683049,0.8974061594202899,0.893483991020794,0.8978108341209831,0.8943110806553245,0.0028363553542913476,59
57,13.346062755584716,0.38732594676227944,0.08145899772644043,0.0021043293027316083,0.7,0.01,10,100,3,multi:softprob,"{'colsample_bytree': 0.7, 'learning_rate': 0.01, 'max_depth': 10, 'n_estimators': 100, 'num_class': 3, 'objective': 'multi:softprob'}",0.8362245234719596,0.8405579237555135,0.8453602079395086,0.8399858813799622,0.8492079316320101,0.8422672936357909,0.004525051009795092,97
58,63.11810956001282,1.6843234602910884,0.356984281539917,0.03205302848930374,0.7,0.01,10,500,3,multi:softprob,"{'colsample_bytree': 0.7, 'learning_rate': 0.01, 'max_depth': 10, 'n_estimators': 500, 'num_class': 3, 'objective': 'multi:softprob'}",0.8862671747006932,0.8891943210459988,0.8941997637051039,0.8897577859168241,0.8936606647763075,0.8906159420289855,0.0029591664306695136,61
59,106.5871201992035,13.384626477867538,0.5921016216278077,0.11641746991702807,0.7,0.01,10,1000,3,multi:softprob,"{'colsample_bytree': 0.7, 'learning_rate': 0.01, 'max_depth': 10, 'n_estimators': 1000, 'num_class': 3, 'objective': 'multi:softprob'}",0.9040349755828606,0.9049093218336483,0.9101407844990548,0.906615256773787,0.9114938327032136,0.9074388342785129,0.0029122676509412706,39
60,2.752249336242676,0.04758204472064544,0.045708417892456055,0.0014037073026918667,0.7,0.05,3,100,3,multi:softprob,"{'colsample_bytree': 0.7, 'learning_rate': 0.05, 'max_depth': 3, 'n_estimators': 100, 'num_class': 3, 'objective': 'multi:softprob'}",0.7509223298676749,0.7561988106490233,0.7594712586641462,0.7502673125393825,0.765141686357908,0.7564002796156271,0.005540846731219546,123
61,12.933010053634643,0.22698174888698416,0.07963075637817382,0.0037311148865550943,0.7,0.05,3,500,3,multi:softprob,"{'colsample_bytree': 0.7, 'learning_rate': 0.05, 'max_depth': 3, 'n_estimators': 500, 'num_class': 3, 'objective': 'multi:softprob'}",0.8339009176118463,0.8392741217706364,0.8452967076244486,0.8400026937618147,0.8481184940138626,0.8413185869565218,0.004959786514360742,100
62,25.548876762390137,0.4255863781556037,0.11586050987243653,0.0035251791549529596,0.7,0.05,3,1000,3,multi:softprob,"{'colsample_bytree': 0.7, 'learning_rate': 0.05, 'max_depth': 3, 'n_estimators': 1000, 'num_class': 3, 'objective': 'multi:softprob'}",0.865292202268431,0.8699093375866415,0.8755216249212351,0.8700414933837429,0.8777888193131695,0.871710695494644,0.004442858393928126,77
63,4.557083368301392,0.49602708841977194,0.049208211898803714,0.0037049449399020086,0.7,0.05,5,100,3,multi:softprob,"{'colsample_bytree': 0.7, 'learning_rate': 0.05, 'max_depth': 5, 'n_estimators': 100, 'num_class': 3, 'objective': 'multi:softprob'}",0.813664343100189,0.8201612712665408,0.824162145557656,0.8149071085381222,0.8271507364524261,0.8200091209829867,0.005187681017748104,108
64,21.81207904815674,1.7612078210938378,0.10931167602539063,0.0015728913999693353,0.7,0.05,5,500,3,multi:softprob,"{'colsample_bytree': 0.7, 'learning_rate': 0.05, 'max_depth': 5, 'n_estimators': 500, 'num_class': 3, 'objective': 'multi:softprob'}",0.8854409971644612,0.8878805883742912,0.8922383939823567,0.8872497676433522,0.8922967351921866,0.8890212964713295,0.002768981317644166,66
65,41.79539408683777,2.9051410598431024,0.1831061363220215,0.007935452460060744,0.7,0.05,5,1000,3,multi:softprob,"{'colsample_bytree': 0.7, 'learning_rate': 0.05, 'max_depth': 5, 'n_estimators': 1000, 'num_class': 3, 'objective': 'multi:softprob'}",0.902721904536862,0.9048889729048518,0.9091981962822936,0.9040426827347195,0.9099351882482671,0.9061573889413989,0.0028775576992848516,42
66,6.54983115196228,0.2363421026538552,0.055209922790527347,0.0015946924431456024,0.7,0.05,6,100,3,multi:softprob,"{'colsample_bytree': 0.7, 'learning_rate': 0.05, 'max_depth': 6, 'n_estimators': 100, 'num_class': 3, 'objective': 'multi:softprob'}",0.8351843572778828,0.8392906309073723,0.8461079710144928,0.8374915879017012,0.8506465973534971,0.8417442288909893,0.005752067864552989,98
67,27.55858430862427,2.596282713743761,0.1310410976409912,0.004109836798606612,0.7,0.05,6,500,3,multi:softprob,"{'colsample_bytree': 0.7, 'learning_rate': 0.05, 'max_depth': 6, 'n_estimators': 500, 'num_class': 3, 'objective': 'multi:softprob'}",0.8963899338374292,0.8987886972274732,0.903741788752363,0.8988789579395084,0.9048058482986767,0.9005210452110901,0.003209245636702358,48
68,53.344506072998044,1.6813150191098456,0.23484573364257813,0.01629328501168856,0.7,0.05,6,1000,3,multi:softprob,"{'colsample_bytree': 0.7, 'learning_rate': 0.05, 'max_depth': 6, 'n_estimators': 1000, 'num_class': 3, 'objective': 'multi:softprob'}",0.9101196124763705,0.9124933916194077,0.9162374999999999,0.9124535601764334,0.9164669541587901,0.9135542036862004,0.0024420216861652765,31
69,9.397015619277955,0.2710318663773555,0.06445956230163574,0.0026016077337596196,0.7,0.05,8,100,3,multi:softprob,"{'colsample_bytree': 0.7, 'learning_rate': 0.05, 'max_depth': 8, 'n_estimators': 100, 'num_class': 3, 'objective': 'multi:softprob'}",0.8672414618777567,0.8687362358223062,0.8743154851921865,0.8695739327347196,0.8768108538122243,0.8713355938878387,0.0036188465762600807,81
70,39.04011449813843,3.6287792686778957,0.19907784461975098,0.028059352910029638,0.7,0.05,8,500,3,multi:softprob,"{'colsample_bytree': 0.7, 'learning_rate': 0.05, 'max_depth': 8, 'n_estimators': 500, 'num_class': 3, 'objective': 'multi:softprob'}",0.910394974795211,0.912301827347196,0.9159110940453686,0.9116630198487713,0.9163253071833649,0.9133192446439823,0.002369964893691489,32
71,71.6151635169983,5.964740055821805,0.3368809223175049,0.006148904178162793,0.7,0.05,8,1000,3,multi:softprob,"{'colsample_bytree': 0.7, 'learning_rate': 0.05, 'max_depth': 8, 'n_estimators': 1000, 'num_class': 3, 'objective': 'multi:softprob'}",0.9191172219596723,0.920587188878387,0.924088354599874,0.9202671156269692,0.9243706915563957,0.9216861145242596,0.0021353274070465634,16
72,12.195361518859864,0.559169049900849,0.0786062240600586,0.003021874003844738,0.7,0.05,10,100,3,multi:softprob,"{'colsample_bytree': 0.7, 'learning_rate': 0.05, 'max_depth': 10, 'n_estimators': 100, 'num_class': 3, 'objective': 'multi:softprob'}",0.8876582348771266,0.8876238342785129,0.8928874606175173,0.8889463965028356,0.8932919344675488,0.8900815721487083,0.0025052384730815205,62
73,51.99623079299927,2.274611472893441,0.31977143287658694,0.04416133393243594,0.7,0.05,10,500,3,multi:softprob,"{'colsample_bytree': 0.7, 'learning_rate': 0.05, 'max_depth': 10, 'n_estimators': 500, 'num_class': 3, 'objective': 'multi:softprob'}",0.9167703016698173,0.9178436672967862,0.9216103063957152,0.9183013941398865,0.9222122597668557,0.9193475858538122,0.0021598584570450764,21
74,92.31104559898377,7.667643033633852,0.5860250473022461,0.10898878056295866,0.7,0.05,10,1000,3,multi:softprob,"{'colsample_bytree': 0.7, 'learning_rate': 0.05, 'max_depth': 10, 'n_estimators': 1000, 'num_class': 3, 'objective': 'multi:softprob'}",0.9228693131695023,0.9235412098298678,0.9274480111846252,0.9238359207624449,0.9276405757718966,0.9250670061436674,0.0020477268202653033,7
75,2.6671871185302733,0.014196471071614309,0.04635491371154785,0.001188005656082069,0.7,0.1,3,100,3,multi:softprob,"{'colsample_bytree': 0.7, 'learning_rate': 0.1, 'max_depth': 3, 'n_estimators': 100, 'num_class': 3, 'objective': 'multi:softprob'}",0.7880141225582861,0.7942609089477001,0.7990231017643352,0.7924235625393825,0.8056892997794581,0.7958821991178324,0.006042215990288829,116
76,12.712744235992432,0.15772791730856664,0.07961220741271972,0.0024388804371304747,0.7,0.1,3,500,3,multi:softprob,"{'colsample_bytree': 0.7, 'learning_rate': 0.1, 'max_depth': 3, 'n_estimators': 500, 'num_class': 3, 'objective': 'multi:softprob'}",0.8661747676433521,0.8694473416824197,0.8754556828922494,0.870921447700063,0.8774900204788909,0.871897852079395,0.0040900506031333215,76
77,25.311612844467163,0.2868069603468269,0.12089109420776367,0.004242105435887381,0.7,0.1,3,1000,3,multi:softprob,"{'colsample_bytree': 0.7, 'learning_rate': 0.1, 'max_depth': 3, 'n_estimators': 1000, 'num_class': 3, 'objective': 'multi:softprob'}",0.8907582073093888,0.8938460932577189,0.898559920447385,0.8942679072148708,0.8991498188405798,0.8953163894139887,0.003138591548480382,56
78,4.812683010101319,0.03305621642623703,0.051309061050415036,0.001727011597551238,0.7,0.1,5,100,3,multi:softprob,"{'colsample_bytree': 0.7, 'learning_rate': 0.1, 'max_depth': 5, 'n_estimators': 100, 'num_class': 3, 'objective': 'multi:softprob'}",0.8489202229048519,0.8555008388468809,0.8580370707309388,0.8526389138311279,0.8596486097983617,0.8549491312224322,0.0038369177862853554,91
79,22.217627668380736,0.25458780613634624,0.1075225830078125,0.0032061387109196485,0.7,0.1,5,500,3,multi:softprob,"{'colsample_bytree': 0.7, 'learning_rate': 0.1, 'max_depth': 5, 'n_estimators': 500, 'num_class': 3, 'objective': 'multi:softprob'}",0.9019809310018904,0.9043599992123504,0.9089139768431003,0.9043217233774415,0.9089323724007561,0.9057018005671077,0.002767836160138012,44
80,41.97725319862366,2.819469238684115,0.18679256439208985,0.005586355784665922,0.7,0.1,5,1000,3,multi:softprob,"{'colsample_bytree': 0.7, 'learning_rate': 0.1, 'max_depth': 5, 'n_estimators': 1000, 'num_class': 3, 'objective': 'multi:softprob'}",0.9140382876496534,0.9157594872400755,0.9199490469439193,0.9170542808758664,0.9200673755513548,0.9173736956521739,0.002354611934711796,25
81,5.878900957107544,0.2860015790002304,0.05410146713256836,0.003405748694896578,0.7,0.1,6,100,3,multi:softprob,"{'colsample_bytree': 0.7, 'learning_rate': 0.1, 'max_depth': 6, 'n_estimators': 100, 'num_class': 3, 'objective': 'multi:softprob'}",0.86699722747322,0.8684667336168871,0.8730399417139255,0.8678690374921235,0.8781019770006301,0.8708949834593571,0.004166217705289356,82
82,25.772495698928832,1.9050387583511652,0.12608752250671387,0.007615865971461528,0.7,0.1,6,500,3,multi:softprob,"{'colsample_bytree': 0.7, 'learning_rate': 0.1, 'max_depth': 6, 'n_estimators': 500, 'num_class': 3, 'objective': 'multi:softprob'}",0.9096872873345935,0.9123924149338375,0.9165573881537492,0.9114370313484562,0.9164786822621299,0.9133105608065533,0.0027589888186194066,33
83,52.28840599060059,1.5039909571355525,0.23684868812561036,0.013741018829957067,0.7,0.1,6,1000,3,multi:softprob,"{'colsample_bytree': 0.7, 'learning_rate': 0.1, 'max_depth': 6, 'n_estimators': 1000, 'num_class': 3, 'objective': 'multi:softprob'}",0.9186981293320731,0.9215329198172654,0.9253303835853813,0.9201263586956522,0.9245849007561437,0.9220545384373032,0.0025451656166682146,15
84,8.28295693397522,0.8485552023206364,0.06448030471801758,0.0012551180742014806,0.7,0.1,8,100,3,multi:softprob,"{'colsample_bytree': 0.7, 'learning_rate': 0.1, 'max_depth': 8, 'n_estimators': 100, 'num_class': 3, 'objective': 'multi:softprob'}",0.8902206718651543,0.8907620904221801,0.895531206679269,0.8941818919344676,0.8990014965343415,0.8939394714870825,0.0032292942645131,60
85,36.69034848213196,2.9739374866050703,0.1842963218688965,0.01672863019632942,0.7,0.1,8,500,3,multi:softprob,"{'colsample_bytree': 0.7, 'learning_rate': 0.1, 'max_depth': 8, 'n_estimators': 500, 'num_class': 3, 'objective': 'multi:softprob'}",0.9179899889729048,0.9205360625393825,0.924502063642092,0.9205960302457467,0.9246361806868304,0.9216520652173912,0.0025612071534662504,17
86,68.86382732391357,5.449594252180022,0.3673403263092041,0.031147054286685336,0.7,0.1,8,1000,3,multi:softprob,"{'colsample_bytree': 0.7, 'learning_rate': 0.1, 'max_depth': 8, 'n_estimators': 1000, 'num_class': 3, 'objective': 'multi:softprob'}",0.924381352394455,0.9260388468809073,0.929575618304978,0.9261881458727158,0.9296601055450536,0.927168813799622,0.002097985624040629,6
87,11.765647172927856,0.05047966847000995,0.07822728157043457,0.0009619677304281421,0.7,0.1,10,100,3,multi:softprob,"{'colsample_bytree': 0.7, 'learning_rate': 0.1, 'max_depth': 10, 'n_estimators': 100, 'num_class': 3, 'objective': 'multi:softprob'}",0.902909684152489,0.9043097117202268,0.9079214122558286,0.9050483774417138,0.9091814508506616,0.9058741272841839,0.002325809401848946,43
88,49.774814462661745,0.18804842469415323,0.2558882713317871,0.023856315368026387,0.7,0.1,10,500,3,multi:softprob,"{'colsample_bytree': 0.7, 'learning_rate': 0.1, 'max_depth': 10, 'n_estimators': 500, 'num_class': 3, 'objective': 'multi:softprob'}",0.923472684310019,0.9231231017643351,0.9269278827977315,0.9233340225267801,0.9278476449275362,0.9249410672652804,0.002021849130087829,8
89,92.96185517311096,7.584532689995607,0.4714828968048096,0.07045912408376781,0.7,0.1,10,1000,3,multi:softprob,"{'colsample_bytree': 0.7, 'learning_rate': 0.1, 'max_depth': 10, 'n_estimators': 1000, 'num_class': 3, 'objective': 'multi:softprob'}",0.926387117989918,0.9268437263705104,0.9301127441713927,0.9263993856332703,0.9301915445809703,0.9279869037492123,0.001775726412536081,4
90,3.1789760112762453,0.04792763851388762,0.0483586311340332,0.003306388928562204,1,0.01,3,100,3,multi:softprob,"{'colsample_bytree': 1, 'learning_rate': 0.01, 'max_depth': 3, 'n_estimators': 100, 'num_class': 3, 'objective': 'multi:softprob'}",0.679067422810334,0.687998995746692,0.6894069982671708,0.6829903237240075,0.6957469084751103,0.687042129804663,0.005697270419035592,135
91,15.471130752563477,0.2485324023640512,0.07868905067443847,0.0026888692072017314,1,0.01,3,500,3,multi:softprob,"{'colsample_bytree': 1, 'learning_rate': 0.01, 'max_depth': 3, 'n_estimators': 500, 'num_class': 3, 'objective': 'multi:softprob'}",0.745932238500315,0.7538329788909893,0.7549436279143037,0.7469877126654062,0.7633577425960932,0.7530108601134214,0.0062905426934223695,129
92,30.201376390457153,0.45618985595684125,0.12010397911071777,0.002374771742159692,1,0.01,3,1000,3,multi:softprob,"{'colsample_bytree': 1, 'learning_rate': 0.01, 'max_depth': 3, 'n_estimators': 1000, 'num_class': 3, 'objective': 'multi:softprob'}",0.7852245904221803,0.7924751260239445,0.7952725149653433,0.7895922455891619,0.803336822621298,0.7931802599243856,0.006069547510125742,119
93,5.861269807815551,0.18742409709909705,0.05262489318847656,0.00595153780516728,1,0.01,5,100,3,multi:softprob,"{'colsample_bytree': 1, 'learning_rate': 0.01, 'max_depth': 5, 'n_estimators': 100, 'num_class': 3, 'objective': 'multi:softprob'}",0.7252903631064903,0.729953788594833,0.7323550803402648,0.7247475070888468,0.7378441713925645,0.7300381821045999,0.0048340797640059755,132
94,27.771353483200073,0.7598870008117431,0.11331205368041992,0.001242867334746155,1,0.01,5,500,3,multi:softprob,"{'colsample_bytree': 1, 'learning_rate': 0.01, 'max_depth': 5, 'n_estimators': 500, 'num_class': 3, 'objective': 'multi:softprob'}",0.8082344872400755,0.8135190374921235,0.8173008152173913,0.8104610901071204,0.8212190020478891,0.81414688642092,0.004666858453227214,111
95,52.130734300613405,3.6886196246929406,0.20214033126831055,0.007551833314980586,1,0.01,5,1000,3,multi:softprob,"{'colsample_bytree': 1, 'learning_rate': 0.01, 'max_depth': 5, 'n_estimators': 1000, 'num_class': 3, 'objective': 'multi:softprob'}",0.8448129292690613,0.8518833451480781,0.8539919108380593,0.8487229993698803,0.8546999054820414,0.850822218021424,0.003653154079127853,94
96,7.669430208206177,0.05690388807194561,0.056880617141723634,0.0022259214211893487,1,0.01,6,100,3,multi:softprob,"{'colsample_bytree': 1, 'learning_rate': 0.01, 'max_depth': 6, 'n_estimators': 100, 'num_class': 3, 'objective': 'multi:softprob'}",0.7458109128859483,0.7506824787334594,0.7561474086326402,0.7456600897920604,0.7597684231253939,0.7516138626339004,0.0056042663914486895,130
97,36.730323219299315,0.43122920619782207,0.14099478721618652,0.006808090623088877,1,0.01,6,500,3,multi:softprob,"{'colsample_bytree': 1, 'learning_rate': 0.01, 'max_depth': 6, 'n_estimators': 500, 'num_class': 3, 'objective': 'multi:softprob'}",0.8311604914933838,0.8352034420289854,0.8367799582545684,0.829850649810964,0.8438549818840579,0.835369904694392,0.004943558025171661,103
98,66.1892409324646,5.01768331901288,0.26270065307617185,0.01867306792937872,1,0.01,6,1000,3,multi:softprob,"{'colsample_bytree': 1, 'learning_rate': 0.01, 'max_depth': 6, 'n_estimators': 1000, 'num_class': 3, 'objective': 'multi:softprob'}",0.8625260515122873,0.8683967470069313,0.8682862712665407,0.86585754568368,0.8733974913358539,0.8676928213610587,0.0035624345919248496,85
99,11.385123872756958,0.2591036858126664,0.06895198822021484,0.000983995070940506,1,0.01,8,100,3,multi:softprob,"{'colsample_bytree': 1, 'learning_rate': 0.01, 'max_depth': 8, 'n_estimators': 100, 'num_class': 3, 'objective': 'multi:softprob'}",0.7783715304032767,0.7864989918084436,0.79405645478891,0.7880445849086325,0.8025717588216761,0.7899086641461877,0.008071731485037327,120
100,53.55816488265991,1.4277746554214432,0.22515177726745605,0.012352841618588966,1,0.01,8,500,3,multi:softprob,"{'colsample_bytree': 1, 'learning_rate': 0.01, 'max_depth': 8, 'n_estimators': 500, 'num_class': 3, 'objective': 'multi:softprob'}",0.8594471526465028,0.8607895872715817,0.8646316241335854,0.8619456561121613,0.8703763193131695,0.8634380678954002,0.0038660847455600886,87
101,94.37571520805359,7.954931317948045,0.3884438037872314,0.03058700914920041,1,0.01,8,1000,3,multi:softprob,"{'colsample_bytree': 1, 'learning_rate': 0.01, 'max_depth': 8, 'n_estimators': 1000, 'num_class': 3, 'objective': 'multi:softprob'}",0.8859119486452426,0.8866898629489602,0.8905730269376182,0.8889028827977317,0.8942009806238186,0.8892557403906742,0.002969169027653359,65
102,15.882664346694947,0.1237724761953959,0.08575668334960937,0.0029546782842804365,1,0.01,10,100,3,multi:softprob,"{'colsample_bytree': 1, 'learning_rate': 0.01, 'max_depth': 10, 'n_estimators': 100, 'num_class': 3, 'objective': 'multi:softprob'}",0.8020318171077504,0.8126619092627599,0.8170151740705734,0.8139239209199749,0.8232636263390045,0.8137792895400127,0.006923816269640012,112
103,74.43413043022156,0.7900699268432623,0.36320037841796876,0.07075569586180445,1,0.01,10,500,3,multi:softprob,"{'colsample_bytree': 1, 'learning_rate': 0.01, 'max_depth': 10, 'n_estimators': 500, 'num_class': 3, 'objective': 'multi:softprob'}",0.8781758152173914,0.8778894966918714,0.8846862476370511,0.8806019139886577,0.8847865705734089,0.8812280088216762,0.0030158355798645033,69
104,128.55636277198792,11.900941136456773,0.6685478210449218,0.17414038206075047,1,0.01,10,1000,3,multi:softprob,"{'colsample_bytree': 1, 'learning_rate': 0.01, 'max_depth': 10, 'n_estimators': 1000, 'num_class': 3, 'objective': 'multi:softprob'}",0.8959581758034026,0.8978020124448646,0.9033091288594832,0.9012966918714556,0.904195770321361,0.9005123558601135,0.003165159765305531,49
105,3.2124515056610106,0.030666725612854665,0.04777660369873047,0.0016792367163668625,1,0.05,3,100,3,multi:softprob,"{'colsample_bytree': 1, 'learning_rate': 0.05, 'max_depth': 3, 'n_estimators': 100, 'num_class': 3, 'objective': 'multi:softprob'}",0.7471585735664776,0.7525683837429112,0.7556163988657844,0.7481317580340265,0.7639869565217392,0.7534924141461878,0.006072145146314246,128
106,15.132830286026001,0.12304599132402287,0.08258018493652344,0.006328410544863176,1,0.05,3,500,3,multi:softprob,"{'colsample_bytree': 1, 'learning_rate': 0.05, 'max_depth': 3, 'n_estimators': 500, 'num_class': 3, 'objective': 'multi:softprob'}",0.8342114366729678,0.8390106372085698,0.8442750551354757,0.8410427142407059,0.8480298243541272,0.8413139335223694,0.0046839219928466415,101
107,29.983674478530883,0.33351171599010987,0.12438039779663086,0.00435185971340982,1,0.05,3,1000,3,multi:softprob,"{'colsample_bytree': 1, 'learning_rate': 0.05, 'max_depth': 3, 'n_estimators': 1000, 'num_class': 3, 'objective': 'multi:softprob'}",0.8652062893824827,0.8690916469754253,0.8754047849716446,0.8709434231253939,0.8772537334593573,0.8715799755828607,0.004336854836680954,78
108,5.555644464492798,0.4060108380676754,0.05132451057434082,0.005024085883176126,1,0.05,5,100,3,multi:softprob,"{'colsample_bytree': 1, 'learning_rate': 0.05, 'max_depth': 5, 'n_estimators': 100, 'num_class': 3, 'objective': 'multi:softprob'}",0.8092143391619407,0.8129835223692501,0.8177461168872086,0.8101202425960933,0.8217264453371141,0.8143581332703214,0.004734518899052038,110
109,26.73249912261963,0.21677924070492957,0.11359639167785644,0.0018135339170150483,1,0.05,5,500,3,multi:softprob,"{'colsample_bytree': 1, 'learning_rate': 0.05, 'max_depth': 5, 'n_estimators': 500, 'num_class': 3, 'objective': 'multi:softprob'}",0.8834341446124764,0.8856596723377441,0.8913928717706364,0.8858093848456207,0.8898724480151229,0.8872337043163201,0.002939542780375268,67
110,50.596704721450806,3.390631827323231,0.19656472206115722,0.006732801101942655,1,0.05,5,1000,3,multi:softprob,"{'colsample_bytree': 1, 'learning_rate': 0.05, 'max_depth': 5, 'n_estimators': 1000, 'num_class': 3, 'objective': 'multi:softprob'}",0.9004115114996849,0.9033450063011972,0.90814295447385,0.9026698015122872,0.9077027646502837,0.9044544076874607,0.002997258766764924,45
111,7.0776379108428955,0.6079840078030436,0.0578643798828125,0.0015026993683950006,1,0.05,6,100,3,multi:softprob,"{'colsample_bytree': 1, 'learning_rate': 0.05, 'max_depth': 6, 'n_estimators': 100, 'num_class': 3, 'objective': 'multi:softprob'}",0.8298363697227473,0.8347619565217391,0.8355566123188405,0.8315543241965972,0.8419207781978576,0.8347260081915563,0.00415750056312235,104
112,31.53524808883667,2.040605349045471,0.14117836952209473,0.009526210139518529,1,0.05,6,500,3,multi:softprob,"{'colsample_bytree': 1, 'learning_rate': 0.05, 'max_depth': 6, 'n_estimators': 500, 'num_class': 3, 'objective': 'multi:softprob'}",0.8937267170762445,0.8970215146502835,0.8997183994959043,0.8976251457151858,0.9025713531821046,0.8981326260239445,0.0029367027324139795,51
113,62.74355359077454,4.380761858715359,0.2438267230987549,0.011315266468455066,1,0.05,6,1000,3,multi:softprob,"{'colsample_bytree': 1, 'learning_rate': 0.05, 'max_depth': 6, 'n_estimators': 1000, 'num_class': 3, 'objective': 'multi:softprob'}",0.9086083333333335,0.9105184191871455,0.9137574669187146,0.9103993029300567,0.9146815059861373,0.9115930056710775,0.0022676709636855054,34
114,10.645966148376464,0.3750105098081104,0.0644148349761963,0.004515477791072982,1,0.05,8,100,3,multi:softprob,"{'colsample_bytree': 1, 'learning_rate': 0.05, 'max_depth': 8, 'n_estimators': 100, 'num_class': 3, 'objective': 'multi:softprob'}",0.8588112594517958,0.863714209199748,0.8644229757403906,0.8614848259294265,0.8707582900126024,0.8638383120667926,0.003976266663493488,86
115,46.819232273101804,1.290934291572137,0.22783446311950684,0.02208906907593928,1,0.05,8,500,3,multi:softprob,"{'colsample_bytree': 1, 'learning_rate': 0.05, 'max_depth': 8, 'n_estimators': 500, 'num_class': 3, 'objective': 'multi:softprob'}",0.9058456836798993,0.9076603300252049,0.9117723180529301,0.9076220620667926,0.913204127284184,0.9092209042218021,0.002784226293553227,38
116,87.80478177070617,6.602877773283676,0.3597376346588135,0.023263530404923526,1,0.05,8,1000,3,multi:softprob,"{'colsample_bytree': 1, 'learning_rate': 0.05, 'max_depth': 8, 'n_estimators': 1000, 'num_class': 3, 'objective': 'multi:softprob'}",0.9153799031190927,0.916571609168242,0.9207584869250157,0.916398716131065,0.9218185924700694,0.918185461562697,0.002587981324285979,23
117,14.339105319976806,0.6949803099559622,0.08405585289001465,0.003727091422196402,1,0.05,10,100,3,multi:softprob,"{'colsample_bytree': 1, 'learning_rate': 0.05, 'max_depth': 10, 'n_estimators': 100, 'num_class': 3, 'objective': 'multi:softprob'}",0.8776322148708254,0.8769877993068683,0.8832725228418399,0.8827711129489604,0.8875308758664145,0.8816389051669817,0.003907742896953461,68
118,61.777661418914796,2.147244865970801,0.3237795352935791,0.04552479896660309,1,0.05,10,500,3,multi:softprob,"{'colsample_bytree': 1, 'learning_rate': 0.05, 'max_depth': 10, 'n_estimators': 500, 'num_class': 3, 'objective': 'multi:softprob'}",0.9110700023629489,0.9119933758664146,0.9171600346565847,0.9131675370195338,0.9179463334908634,0.914267456679269,0.0027751080287425726,30
119,112.4040831565857,8.250092324561832,0.5126023292541504,0.056739622479034524,1,0.05,10,1000,3,multi:softprob,"{'colsample_bytree': 1, 'learning_rate': 0.05, 'max_depth': 10, 'n_estimators': 1000, 'num_class': 3, 'objective': 'multi:softprob'}",0.9171671904536862,0.9187730387523629,0.9236666942344045,0.9193827819785758,0.9235318289224953,0.920504306868305,0.002628993608746593,18
120,3.123178577423096,0.04125459411483602,0.046006965637207034,0.0036064932592266047,1,0.1,3,100,3,multi:softprob,"{'colsample_bytree': 1, 'learning_rate': 0.1, 'max_depth': 3, 'n_estimators': 100, 'num_class': 3, 'objective': 'multi:softprob'}",0.7883720463137996,0.794965804190296,0.7960037807183364,0.7911777449590423,0.8055933207309388,0.7952225393824827,0.005856944151572701,117
121,15.031982231140137,0.16847269033392853,0.08301200866699218,0.0026386375249141257,1,0.1,3,500,3,multi:softprob,"{'colsample_bytree': 1, 'learning_rate': 0.1, 'max_depth': 3, 'n_estimators': 500, 'num_class': 3, 'objective': 'multi:softprob'}",0.8655890752993068,0.8695121416194077,0.8756809782608695,0.8716182852867046,0.8778518391619407,0.8720504639256459,0.0043638512911749324,74
122,29.996597003936767,0.29577613869671593,0.12585024833679198,0.0038773322165215,1,0.1,3,1000,3,multi:softprob,"{'colsample_bytree': 1, 'learning_rate': 0.1, 'max_depth': 3, 'n_estimators': 1000, 'num_class': 3, 'objective': 'multi:softprob'}",0.8907345738815374,0.8938712192816635,0.89761875,0.8942141973850032,0.8992788319155641,0.8951435144927536,0.0030049546987562206,57
123,5.589086055755615,0.02689480220218382,0.05607094764709473,0.004033060187069749,1,0.1,5,100,3,multi:softprob,"{'colsample_bytree': 1, 'learning_rate': 0.1, 'max_depth': 5, 'n_estimators': 100, 'num_class': 3, 'objective': 'multi:softprob'}",0.8466696912413357,0.8518951244486453,0.8520462822936358,0.8505251023944549,0.8554020242596093,0.8513076449275362,0.002820554791974461,93
124,26.20845193862915,0.13591769468869294,0.11366419792175293,0.0016889707197514188,1,0.1,5,500,3,multi:softprob,"{'colsample_bytree': 1, 'learning_rate': 0.1, 'max_depth': 5, 'n_estimators': 500, 'num_class': 3, 'objective': 'multi:softprob'}",0.9001738342785129,0.9032153552299936,0.9078339870825456,0.9025001102709513,0.9075593336483933,0.9042565241020795,0.0029847670139446186,46
125,50.044187259674075,3.0928974896445376,0.19680070877075195,0.00566255668321711,1,0.1,5,1000,3,multi:softprob,"{'colsample_bytree': 1, 'learning_rate': 0.1, 'max_depth': 5, 'n_estimators': 1000, 'num_class': 3, 'objective': 'multi:softprob'}",0.912334373030876,0.9141715697857592,0.9188404812539382,0.9140927418084436,0.9180788988657844,0.9155036129489602,0.002512996842827787,27
126,7.054495477676392,0.23653118456020877,0.05859208106994629,0.0006578374993911329,1,0.1,6,100,3,multi:softprob,"{'colsample_bytree': 1, 'learning_rate': 0.1, 'max_depth': 6, 'n_estimators': 100, 'num_class': 3, 'objective': 'multi:softprob'}",0.8625470778197859,0.867318084436043,0.8683482356647764,0.8678361255513547,0.8735355426906112,0.8679170132325142,0.00349156958729649,84
127,30.989768695831298,2.2443163412001645,0.13387761116027833,0.00796858297133227,1,0.1,6,500,3,multi:softprob,"{'colsample_bytree': 1, 'learning_rate': 0.1, 'max_depth': 6, 'n_estimators': 500, 'num_class': 3, 'objective': 'multi:softprob'}",0.9066739760554506,0.910411720226843,0.9139718257718966,0.9106708254568368,0.9143014059546314,0.9112059506931317,0.0027816492732177503,36
128,63.494287967681885,0.23240148702286414,0.24479751586914061,0.012131741890381761,1,0.1,6,1000,3,multi:softprob,"{'colsample_bytree': 1, 'learning_rate': 0.1, 'max_depth': 6, 'n_estimators': 1000, 'num_class': 3, 'objective': 'multi:softprob'}",0.9163164973219913,0.9189239878701954,0.9223584790485192,0.9184845620667929,0.9227600976685569,0.9197687247952111,0.0024468619769947826,20
129,9.67048716545105,0.8417221397668266,0.06615104675292968,0.0028761183607881216,1,0.1,8,100,3,multi:softprob,"{'colsample_bytree': 1, 'learning_rate': 0.1, 'max_depth': 8, 'n_estimators': 100, 'num_class': 3, 'objective': 'multi:softprob'}",0.8855488264020165,0.8883728103339635,0.8911638035601764,0.8895394809388785,0.8938901149968492,0.8897030072463767,0.0027827748867331995,64
130,43.858521127700804,3.263674579967147,0.1961059093475342,0.020865416327035962,1,0.1,8,500,3,multi:softprob,"{'colsample_bytree': 1, 'learning_rate': 0.1, 'max_depth': 8, 'n_estimators': 500, 'num_class': 3, 'objective': 'multi:softprob'}",0.9154401031821046,0.916579170604915,0.9209030718336484,0.9160727512602395,0.9203468848456207,0.9178683963453057,0.002286272623000124,24
131,83.63231825828552,5.666278135261008,0.3317152500152588,0.03875638063423333,1,0.1,8,1000,3,multi:softprob,"{'colsample_bytree': 1, 'learning_rate': 0.1, 'max_depth': 8, 'n_estimators': 1000, 'num_class': 3, 'objective': 'multi:softprob'}",0.9206291154694392,0.9222819628229363,0.9253090028355387,0.9220395597038437,0.9254935609640832,0.9231506403591683,0.0019232781491221216,13
132,13.74172215461731,0.17243132461609428,0.07812914848327637,0.0026281508472225687,1,0.1,10,100,3,multi:softprob,"{'colsample_bytree': 1, 'learning_rate': 0.1, 'max_depth': 10, 'n_estimators': 100, 'num_class': 3, 'objective': 'multi:softprob'}",0.8967705891619407,0.8967754371455577,0.9025471447700063,0.9001451402016384,0.9048454040642723,0.9002167430686832,0.003180533441977334,50
133,59.397707891464236,0.6200115537135517,0.26752533912658694,0.024092668068925818,1,0.1,10,500,3,multi:softprob,"{'colsample_bytree': 1, 'learning_rate': 0.1, 'max_depth': 10, 'n_estimators': 500, 'num_class': 3, 'objective': 'multi:softprob'}",0.9184041115311908,0.9184345029930686,0.92253263626339,0.9191338137996219,0.9229436436672969,0.9202897416509137,0.002020269921500531,19
134,67.20408058166504,2.5653060373526975,0.2576620578765869,0.01800516080304165,1,0.1,10,1000,3,multi:softprob,"{'colsample_bytree': 1, 'learning_rate': 0.1, 'max_depth': 10, 'n_estimators': 1000, 'num_class': 3, 'objective': 'multi:softprob'}",0.9212950890044108,0.9215906860428481,0.9255770321361059,0.9224293163201008,0.9256831127914303,0.9233150472589793,0.0019267839629971634,12
